{"meta":{"scale":"1","version":"1.0","prefix":"comp/","app":"http://www.layabox.com"},"frames":{"folder.png":{"sourceSize":{"w":16,"h":16},"trimmed":false,"rotated":false,"pivot":{"y":0.5,"x":0.5},"frame":{"x":253,"y":226,"w":16,"h":16},"spriteSourceSize":{"x":0,"y":0,"w":16,"h":16}},"tab.png":{"sourceSize":{"w":70,"h":72},"trimmed":false,"rotated":false,"pivot":{"y":0.5,"x":0.5},"frame":{"x":253,"y":75,"w":70,"h":72},"spriteSourceSize":{"x":0,"y":0,"w":70,"h":72}},"hscroll$down.png":{"sourceSize":{"w":13,"h":39},"trimmed":false,"rotated":false,"pivot":{"y":0.5,"x":0.5},"frame":{"x":340,"y":69,"w":13,"h":39},"spriteSourceSize":{"x":0,"y":0,"w":13,"h":39}},"bg_body2.png":{"sourceSize":{"w":26,"h":26},"trimmed":false,"rotated":false,"pivot":{"y":0.5,"x":0.5},"frame":{"x":408,"y":215,"w":26,"h":26},"spriteSourceSize":{"x":0,"y":0,"w":26,"h":26}},"color.png":{"sourceSize":{"w":18,"h":54},"trimmed":false,"rotated":false,"pivot":{"y":0.5,"x":0.5},"frame":{"x":475,"y":128,"w":18,"h":54},"spriteSourceSize":{"x":0,"y":0,"w":18,"h":54}},"vscroll$bar.png":{"sourceSize":{"w":6,"h":18},"trimmed":false,"rotated":false,"pivot":{"y":0.5,"x":0.5},"frame":{"x":427,"y":191,"w":6,"h":18},"spriteSourceSize":{"x":0,"y":0,"w":6,"h":18}},"textureList":{"sourceSize":{},"trimmed":false,"rotated":false,"pivot":{"y":0.5,"x":0.5},"frame":{"x":1},"spriteSourceSize":{}},"vscroll.png":{"sourceSize":{"w":6,"h":6},"trimmed":false,"rotated":false,"pivot":{"y":0.5,"x":0.5},"frame":{"x":498,"y":81,"w":6,"h":6},"spriteSourceSize":{"x":0,"y":0,"w":6,"h":6}},"clip_selectBox.png":{"sourceSize":{"w":100,"h":40},"trimmed":false,"rotated":false,"pivot":{"y":0.5,"x":0.5},"frame":{"x":334,"y":149,"w":100,"h":40},"spriteSourceSize":{"x":0,"y":0,"w":100,"h":40}},"combobox.png":{"sourceSize":{"w":91,"h":66},"trimmed":false,"rotated":false,"pivot":{"y":0.5,"x":0.5},"frame":{"x":153,"y":84,"w":91,"h":66},"spriteSourceSize":{"x":0,"y":0,"w":91,"h":66}},"button1.png":{"sourceSize":{"w":98,"h":81},"trimmed":false,"rotated":false,"pivot":{"y":0.5,"x":0.5},"frame":{"x":1,"y":153,"w":98,"h":81},"spriteSourceSize":{"x":0,"y":0,"w":98,"h":81}},"uibottom.png":{"sourceSize":{"w":40,"h":31},"trimmed":false,"rotated":false,"pivot":{"y":0.5,"x":0.5},"frame":{"x":366,"y":215,"w":40,"h":31},"spriteSourceSize":{"x":0,"y":0,"w":40,"h":31}},"referback.png":{"sourceSize":{"w":21,"h":63},"trimmed":false,"rotated":false,"pivot":{"y":0.5,"x":0.5},"frame":{"x":475,"y":25,"w":21,"h":63},"spriteSourceSize":{"x":0,"y":0,"w":21,"h":63}},"hslider$bar.png":{"sourceSize":{"w":15,"h":45},"trimmed":false,"rotated":false,"pivot":{"y":0.5,"x":0.5},"frame":{"x":495,"y":178,"w":15,"h":45},"spriteSourceSize":{"x":0,"y":0,"w":15,"h":45}},"line2.png":{"sourceSize":{"w":20,"h":4},"trimmed":false,"rotated":false,"pivot":{"y":0.5,"x":0.5},"frame":{"x":408,"y":243,"w":20,"h":4},"spriteSourceSize":{"x":0,"y":0,"w":20,"h":4}},"btn_close2.png":{"sourceSize":{"w":37,"h":105},"trimmed":false,"rotated":false,"pivot":{"y":0.5,"x":0.5},"frame":{"x":436,"y":149,"w":37,"h":105},"spriteSourceSize":{"x":0,"y":0,"w":37,"h":105}},"hslider.png":{"sourceSize":{"w":100,"h":6},"trimmed":false,"rotated":false,"pivot":{"y":0.5,"x":0.5},"frame":{"x":253,"y":244,"w":100,"h":6},"spriteSourceSize":{"x":0,"y":0,"w":100,"h":6}},"progress$bar.png":{"sourceSize":{"w":20,"h":14},"trimmed":false,"rotated":false,"pivot":{"y":0.5,"x":0.5},"frame":{"x":1,"y":236,"w":20,"h":14},"spriteSourceSize":{"x":0,"y":0,"w":20,"h":14}},"textinput_skin_selected.png":{"sourceSize":{"w":91,"h":22},"trimmed":false,"rotated":false,"pivot":{"y":0.5,"x":0.5},"frame":{"x":418,"y":1,"w":91,"h":22},"spriteSourceSize":{"x":0,"y":0,"w":91,"h":22}},"checkbox.png":{"sourceSize":{"w":14,"h":42},"trimmed":false,"rotated":false,"pivot":{"y":0.5,"x":0.5},"frame":{"x":325,"y":25,"w":14,"h":42},"spriteSourceSize":{"x":0,"y":0,"w":14,"h":42}},"textinput_selected.png":{"sourceSize":{"w":91,"h":22},"trimmed":false,"rotated":false,"pivot":{"y":0.5,"x":0.5},"frame":{"x":325,"y":1,"w":91,"h":22},"spriteSourceSize":{"x":0,"y":0,"w":91,"h":22}},"button.png":{"sourceSize":{"w":98,"h":81},"trimmed":false,"rotated":false,"pivot":{"y":0.5,"x":0.5},"frame":{"x":101,"y":153,"w":98,"h":81},"spriteSourceSize":{"x":0,"y":0,"w":98,"h":81}},"btn.png":{"sourceSize":{"w":98,"h":81},"trimmed":false,"rotated":false,"pivot":{"y":0.5,"x":0.5},"frame":{"x":153,"y":1,"w":98,"h":81},"spriteSourceSize":{"x":0,"y":0,"w":98,"h":81}},"label.png":{"sourceSize":{"w":70,"h":72},"trimmed":false,"rotated":false,"pivot":{"y":0.5,"x":0.5},"frame":{"x":201,"y":152,"w":70,"h":72},"spriteSourceSize":{"x":0,"y":0,"w":70,"h":72}},"line.png":{"sourceSize":{"w":20,"h":2},"trimmed":false,"rotated":false,"pivot":{"y":0.5,"x":0.5},"frame":{"x":334,"y":215,"w":20,"h":2},"spriteSourceSize":{"x":0,"y":0,"w":20,"h":2}},"skinres.png":{"sourceSize":{"w":30,"h":36},"trimmed":false,"rotated":false,"pivot":{"y":0.5,"x":0.5},"frame":{"x":475,"y":90,"w":30,"h":36},"spriteSourceSize":{"x":0,"y":0,"w":30,"h":36}},"image.png":{"sourceSize":{"w":18,"h":18},"trimmed":false,"rotated":false,"pivot":{"y":0.5,"x":0.5},"frame":{"x":492,"y":225,"w":18,"h":18},"spriteSourceSize":{"x":0,"y":0,"w":18,"h":18}},"textarea.png":{"sourceSize":{"w":50,"h":24},"trimmed":false,"rotated":false,"pivot":{"y":0.5,"x":0.5},"frame":{"x":201,"y":226,"w":50,"h":24},"spriteSourceSize":{"x":0,"y":0,"w":50,"h":24}},"vscroll$down.png":{"sourceSize":{"w":12,"h":33},"trimmed":false,"rotated":false,"pivot":{"y":0.5,"x":0.5},"frame":{"x":339,"y":110,"w":12,"h":33},"spriteSourceSize":{"x":0,"y":0,"w":12,"h":33}},"tab3.png":{"sourceSize":{"w":59,"h":69},"trimmed":false,"rotated":false,"pivot":{"y":0.5,"x":0.5},"frame":{"x":273,"y":149,"w":59,"h":69},"spriteSourceSize":{"x":0,"y":0,"w":59,"h":69}},"hscroll$up.png":{"sourceSize":{"w":13,"h":39},"trimmed":false,"rotated":false,"pivot":{"y":0.5,"x":0.5},"frame":{"x":498,"y":25,"w":13,"h":39},"spriteSourceSize":{"x":0,"y":0,"w":13,"h":39}},"clip_folder.png":{"sourceSize":{"w":16,"h":48},"trimmed":false,"rotated":false,"pivot":{"y":0.5,"x":0.5},"frame":{"x":495,"y":128,"w":16,"h":48},"spriteSourceSize":{"x":0,"y":0,"w":16,"h":48}},"clip_tree.png":{"sourceSize":{"w":11,"h":23},"trimmed":false,"rotated":false,"pivot":{"y":0.5,"x":0.5},"frame":{"x":475,"y":231,"w":11,"h":23},"spriteSourceSize":{"x":0,"y":0,"w":11,"h":23}},"textinput.png":{"sourceSize":{"w":91,"h":22},"trimmed":false,"rotated":false,"pivot":{"y":0.5,"x":0.5},"frame":{"x":334,"y":191,"w":91,"h":22},"spriteSourceSize":{"x":0,"y":0,"w":91,"h":22}},"label_a.png":{"sourceSize":{"w":70,"h":72},"trimmed":false,"rotated":false,"pivot":{"y":0.5,"x":0.5},"frame":{"x":253,"y":1,"w":70,"h":72},"spriteSourceSize":{"x":0,"y":0,"w":70,"h":72}},"hscroll.png":{"sourceSize":{"w":13,"h":13},"trimmed":false,"rotated":false,"pivot":{"y":0.5,"x":0.5},"frame":{"x":498,"y":66,"w":13,"h":13},"spriteSourceSize":{"x":0,"y":0,"w":13,"h":13}},"textinput_skin.png":{"sourceSize":{"w":91,"h":22},"trimmed":false,"rotated":false,"pivot":{"y":0.5,"x":0.5},"frame":{"x":273,"y":220,"w":91,"h":22},"spriteSourceSize":{"x":0,"y":0,"w":91,"h":22}},"blank.png":{"sourceSize":{"w":10,"h":10},"trimmed":false,"rotated":false,"pivot":{"y":0.5,"x":0.5},"frame":{"x":488,"y":245,"w":10,"h":10},"spriteSourceSize":{"x":0,"y":0,"w":10,"h":10}},"vslider$bar.png":{"sourceSize":{"w":15,"h":45},"trimmed":false,"rotated":false,"pivot":{"y":0.5,"x":0.5},"frame":{"x":475,"y":184,"w":15,"h":45},"spriteSourceSize":{"x":0,"y":0,"w":15,"h":45}},"vscroll$up.png":{"sourceSize":{"w":12,"h":33},"trimmed":false,"rotated":false,"pivot":{"y":0.5,"x":0.5},"frame":{"x":325,"y":110,"w":12,"h":33},"spriteSourceSize":{"x":0,"y":0,"w":12,"h":33}},"colorpicker_overlay.png":{"sourceSize":{"w":150,"h":150},"trimmed":false,"rotated":false,"pivot":{"y":0.5,"x":0.5},"frame":{"x":1,"y":1,"w":150,"h":150},"spriteSourceSize":{"x":0,"y":0,"w":150,"h":150}},"hscroll$bar.png":{"sourceSize":{"w":13,"h":39},"trimmed":false,"rotated":false,"pivot":{"y":0.5,"x":0.5},"frame":{"x":325,"y":69,"w":13,"h":39},"spriteSourceSize":{"x":0,"y":0,"w":13,"h":39}},"infoicon.png":{"sourceSize":{"w":14,"h":14},"trimmed":false,"rotated":false,"pivot":{"y":0.5,"x":0.5},"frame":{"x":23,"y":236,"w":14,"h":14},"spriteSourceSize":{"x":0,"y":0,"w":14,"h":14}}}}