{"frames":{"VDividedBox.png":{"spriteSourceSize":{"x":0,"y":0,"w":18,"h":18},"pivot":{"y":0.5,"x":0.5},"rotated":false,"sourceSize":{"w":18,"h":18},"frame":{"x":41,"y":101,"w":18,"h":18},"trimmed":false},"FormHeading.png":{"spriteSourceSize":{"x":0,"y":0,"w":18,"h":18},"pivot":{"y":0.5,"x":0.5},"rotated":false,"sourceSize":{"w":18,"h":18},"frame":{"x":17,"y":1,"w":18,"h":18},"trimmed":false},"Panel.png":{"spriteSourceSize":{"x":0,"y":0,"w":16,"h":16},"pivot":{"y":0.5,"x":0.5},"rotated":false,"sourceSize":{"w":16,"h":16},"frame":{"x":115,"y":19,"w":16,"h":16},"trimmed":false},"VSlider.png":{"spriteSourceSize":{"x":0,"y":0,"w":16,"h":16},"pivot":{"y":0.5,"x":0.5},"rotated":false,"sourceSize":{"w":16,"h":16},"frame":{"x":117,"y":37,"w":16,"h":16},"trimmed":false},"HRule.png":{"spriteSourceSize":{"x":0,"y":0,"w":16,"h":16},"pivot":{"y":0.5,"x":0.5},"rotated":false,"sourceSize":{"w":16,"h":16},"frame":{"x":133,"y":1,"w":16,"h":16},"trimmed":false},"VRule.png":{"spriteSourceSize":{"x":0,"y":0,"w":16,"h":16},"pivot":{"y":0.5,"x":0.5},"rotated":false,"sourceSize":{"w":16,"h":16},"frame":{"x":117,"y":55,"w":16,"h":16},"trimmed":false},"Label.png":{"spriteSourceSize":{"x":0,"y":0,"w":16,"h":16},"pivot":{"y":0.5,"x":0.5},"rotated":false,"sourceSize":{"w":16,"h":16},"frame":{"x":135,"y":91,"w":16,"h":16},"trimmed":false},"HorizontalList.png":{"spriteSourceSize":{"x":0,"y":0,"w":18,"h":18},"pivot":{"y":0.5,"x":0.5},"rotated":false,"sourceSize":{"w":18,"h":18},"frame":{"x":41,"y":81,"w":18,"h":18},"trimmed":false},"Text.png":{"spriteSourceSize":{"x":0,"y":0,"w":16,"h":16},"pivot":{"y":0.5,"x":0.5},"rotated":false,"sourceSize":{"w":16,"h":16},"frame":{"x":99,"y":73,"w":16,"h":16},"trimmed":false},"Form.png":{"spriteSourceSize":{"x":0,"y":0,"w":18,"h":18},"pivot":{"y":0.5,"x":0.5},"rotated":false,"sourceSize":{"w":18,"h":18},"frame":{"x":1,"y":45,"w":18,"h":18},"trimmed":false},"TileList.png":{"spriteSourceSize":{"x":0,"y":0,"w":16,"h":16},"pivot":{"y":0.5,"x":0.5},"rotated":false,"sourceSize":{"w":16,"h":16},"frame":{"x":115,"y":1,"w":16,"h":16},"trimmed":false},"TextInput.png":{"spriteSourceSize":{"x":0,"y":0,"w":16,"h":16},"pivot":{"y":0.5,"x":0.5},"rotated":false,"sourceSize":{"w":16,"h":16},"frame":{"x":117,"y":73,"w":16,"h":16},"trimmed":false},"TabBar.png":{"spriteSourceSize":{"x":0,"y":0,"w":16,"h":16},"pivot":{"y":0.5,"x":0.5},"rotated":false,"sourceSize":{"w":16,"h":16},"frame":{"x":135,"y":109,"w":16,"h":16},"trimmed":false},"HScrollBar.png":{"spriteSourceSize":{"x":0,"y":0,"w":16,"h":16},"pivot":{"y":0.5,"x":0.5},"rotated":false,"sourceSize":{"w":16,"h":16},"frame":{"x":153,"y":91,"w":16,"h":16},"trimmed":false},"Tab.png":{"spriteSourceSize":{"x":0,"y":0,"w":16,"h":16},"pivot":{"y":0.5,"x":0.5},"rotated":false,"sourceSize":{"w":16,"h":16},"frame":{"x":135,"y":73,"w":16,"h":16},"trimmed":false},"VBox.png":{"spriteSourceSize":{"x":0,"y":0,"w":16,"h":16},"pivot":{"y":0.5,"x":0.5},"rotated":false,"sourceSize":{"w":16,"h":16},"frame":{"x":151,"y":1,"w":16,"h":16},"trimmed":false},"ViewStack.png":{"spriteSourceSize":{"x":0,"y":0,"w":16,"h":16},"pivot":{"y":0.5,"x":0.5},"rotated":false,"sourceSize":{"w":16,"h":16},"frame":{"x":117,"y":109,"w":16,"h":16},"trimmed":false},"Button.png":{"spriteSourceSize":{"x":0,"y":0,"w":16,"h":16},"pivot":{"y":0.5,"x":0.5},"rotated":false,"sourceSize":{"w":16,"h":16},"frame":{"x":151,"y":19,"w":16,"h":16},"trimmed":false},"HDividedBox.png":{"spriteSourceSize":{"x":0,"y":0,"w":18,"h":18},"pivot":{"y":0.5,"x":0.5},"rotated":false,"sourceSize":{"w":18,"h":18},"frame":{"x":1,"y":105,"w":18,"h":18},"trimmed":false},"TitleWindow.png":{"spriteSourceSize":{"x":0,"y":0,"w":18,"h":18},"pivot":{"y":0.5,"x":0.5},"rotated":false,"sourceSize":{"w":18,"h":18},"frame":{"x":37,"y":1,"w":18,"h":18},"trimmed":false},"List.png":{"spriteSourceSize":{"x":0,"y":0,"w":16,"h":16},"pivot":{"y":0.5,"x":0.5},"rotated":false,"sourceSize":{"w":16,"h":16},"frame":{"x":117,"y":91,"w":16,"h":16},"trimmed":false},"NumericStepper.png":{"spriteSourceSize":{"x":0,"y":0,"w":16,"h":16},"pivot":{"y":0.5,"x":0.5},"rotated":false,"sourceSize":{"w":16,"h":16},"frame":{"x":99,"y":91,"w":16,"h":16},"trimmed":false},"SkeletonPlayer.png":{"spriteSourceSize":{"x":0,"y":0,"w":18,"h":18},"pivot":{"y":0.5,"x":0.5},"rotated":false,"sourceSize":{"w":18,"h":18},"frame":{"x":37,"y":21,"w":18,"h":18},"trimmed":false},"RichTextEditor.png":{"spriteSourceSize":{"x":0,"y":0,"w":18,"h":18},"pivot":{"y":0.5,"x":0.5},"rotated":false,"sourceSize":{"w":18,"h":18},"frame":{"x":57,"y":21,"w":18,"h":18},"trimmed":false},"MovieClip.png":{"spriteSourceSize":{"x":0,"y":0,"w":18,"h":18},"pivot":{"y":0.5,"x":0.5},"rotated":false,"sourceSize":{"w":18,"h":18},"frame":{"x":77,"y":1,"w":18,"h":18},"trimmed":false},"HSlider.png":{"spriteSourceSize":{"x":0,"y":0,"w":16,"h":16},"pivot":{"y":0.5,"x":0.5},"rotated":false,"sourceSize":{"w":16,"h":16},"frame":{"x":153,"y":55,"w":16,"h":16},"trimmed":false},"TextArea.png":{"spriteSourceSize":{"x":0,"y":0,"w":16,"h":16},"pivot":{"y":0.5,"x":0.5},"rotated":false,"sourceSize":{"w":16,"h":16},"frame":{"x":135,"y":55,"w":16,"h":16},"trimmed":false},"VScrollBar.png":{"spriteSourceSize":{"x":0,"y":0,"w":16,"h":16},"pivot":{"y":0.5,"x":0.5},"rotated":false,"sourceSize":{"w":16,"h":16},"frame":{"x":153,"y":37,"w":16,"h":16},"trimmed":false},"DataGrid.png":{"spriteSourceSize":{"x":0,"y":0,"w":18,"h":18},"pivot":{"y":0.5,"x":0.5},"rotated":false,"sourceSize":{"w":18,"h":18},"frame":{"x":61,"y":41,"w":18,"h":18},"trimmed":false},"ButtonBar.png":{"spriteSourceSize":{"x":0,"y":0,"w":18,"h":18},"pivot":{"y":0.5,"x":0.5},"rotated":false,"sourceSize":{"w":18,"h":18},"frame":{"x":41,"y":41,"w":18,"h":18},"trimmed":false},"TabNavigator.png":{"spriteSourceSize":{"x":0,"y":0,"w":18,"h":18},"pivot":{"y":0.5,"x":0.5},"rotated":false,"sourceSize":{"w":18,"h":18},"frame":{"x":21,"y":81,"w":18,"h":18},"trimmed":false},"LinkButton.png":{"spriteSourceSize":{"x":0,"y":0,"w":16,"h":16},"pivot":{"y":0.5,"x":0.5},"rotated":false,"sourceSize":{"w":16,"h":16},"frame":{"x":99,"y":55,"w":16,"h":16},"trimmed":false},"MenuBar.png":{"spriteSourceSize":{"x":0,"y":0,"w":18,"h":18},"pivot":{"y":0.5,"x":0.5},"rotated":false,"sourceSize":{"w":18,"h":18},"frame":{"x":21,"y":41,"w":18,"h":18},"trimmed":false},"HBox.png":{"spriteSourceSize":{"x":0,"y":0,"w":16,"h":16},"pivot":{"y":0.5,"x":0.5},"rotated":false,"sourceSize":{"w":16,"h":16},"frame":{"x":169,"y":1,"w":16,"h":16},"trimmed":false},"RadioButtonGroup.png":{"spriteSourceSize":{"x":0,"y":0,"w":16,"h":16},"pivot":{"y":0.5,"x":0.5},"rotated":false,"sourceSize":{"w":16,"h":16},"frame":{"x":135,"y":37,"w":16,"h":16},"trimmed":false},"RadioButton.png":{"spriteSourceSize":{"x":0,"y":0,"w":16,"h":16},"pivot":{"y":0.5,"x":0.5},"rotated":false,"sourceSize":{"w":16,"h":16},"frame":{"x":81,"y":61,"w":16,"h":16},"trimmed":false},"CheckBox.png":{"spriteSourceSize":{"x":0,"y":0,"w":16,"h":16},"pivot":{"y":0.5,"x":0.5},"rotated":false,"sourceSize":{"w":16,"h":16},"frame":{"x":81,"y":79,"w":16,"h":16},"trimmed":false},"ProgressBar.png":{"spriteSourceSize":{"x":0,"y":0,"w":16,"h":16},"pivot":{"y":0.5,"x":0.5},"rotated":false,"sourceSize":{"w":16,"h":16},"frame":{"x":99,"y":37,"w":16,"h":16},"trimmed":false},"textureList":{"spriteSourceSize":{},"pivot":{"y":0.5,"x":0.5},"rotated":false,"sourceSize":{},"frame":{"x":1},"trimmed":false},"DividedBox.png":{"spriteSourceSize":{"x":0,"y":0,"w":18,"h":18},"pivot":{"y":0.5,"x":0.5},"rotated":false,"sourceSize":{"w":18,"h":18},"frame":{"x":21,"y":61,"w":18,"h":18},"trimmed":false},"ColorPicker.png":{"spriteSourceSize":{"x":0,"y":0,"w":16,"h":16},"pivot":{"y":0.5,"x":0.5},"rotated":false,"sourceSize":{"w":16,"h":16},"frame":{"x":99,"y":109,"w":16,"h":16},"trimmed":false},"Canvas.png":{"spriteSourceSize":{"x":0,"y":0,"w":18,"h":18},"pivot":{"y":0.5,"x":0.5},"rotated":false,"sourceSize":{"w":18,"h":18},"frame":{"x":61,"y":61,"w":18,"h":18},"trimmed":false},"DateChooser.png":{"spriteSourceSize":{"x":0,"y":0,"w":18,"h":18},"pivot":{"y":0.5,"x":0.5},"rotated":false,"sourceSize":{"w":18,"h":18},"frame":{"x":61,"y":101,"w":18,"h":18},"trimmed":false},"Tile.png":{"spriteSourceSize":{"x":0,"y":0,"w":16,"h":18},"pivot":{"y":0.5,"x":0.5},"rotated":false,"sourceSize":{"w":16,"h":18},"frame":{"x":81,"y":41,"w":16,"h":18},"trimmed":false},"View.png":{"spriteSourceSize":{"x":0,"y":0,"w":18,"h":18},"pivot":{"y":0.5,"x":0.5},"rotated":false,"sourceSize":{"w":18,"h":18},"frame":{"x":1,"y":85,"w":18,"h":18},"trimmed":false},"Menu.png":{"spriteSourceSize":{"x":0,"y":0,"w":16,"h":16},"pivot":{"y":0.5,"x":0.5},"rotated":false,"sourceSize":{"w":16,"h":16},"frame":{"x":153,"y":73,"w":16,"h":16},"trimmed":false},"ControlBar.png":{"spriteSourceSize":{"x":0,"y":0,"w":18,"h":18},"pivot":{"y":0.5,"x":0.5},"rotated":false,"sourceSize":{"w":18,"h":18},"frame":{"x":1,"y":65,"w":18,"h":18},"trimmed":false},"FormItem.png":{"spriteSourceSize":{"x":0,"y":0,"w":18,"h":18},"pivot":{"y":0.5,"x":0.5},"rotated":false,"sourceSize":{"w":18,"h":18},"frame":{"x":61,"y":81,"w":18,"h":18},"trimmed":false},"Grid.png":{"spriteSourceSize":{"x":0,"y":0,"w":16,"h":16},"pivot":{"y":0.5,"x":0.5},"rotated":false,"sourceSize":{"w":16,"h":16},"frame":{"x":81,"y":97,"w":16,"h":16},"trimmed":false},"DateField.png":{"spriteSourceSize":{"x":0,"y":0,"w":18,"h":18},"pivot":{"y":0.5,"x":0.5},"rotated":false,"sourceSize":{"w":18,"h":18},"frame":{"x":77,"y":21,"w":18,"h":18},"trimmed":false},"LinkBar.png":{"spriteSourceSize":{"x":0,"y":0,"w":18,"h":18},"pivot":{"y":0.5,"x":0.5},"rotated":false,"sourceSize":{"w":18,"h":18},"frame":{"x":21,"y":101,"w":18,"h":18},"trimmed":false},"Box.png":{"spriteSourceSize":{"x":0,"y":0,"w":16,"h":16},"pivot":{"y":0.5,"x":0.5},"rotated":false,"sourceSize":{"w":16,"h":16},"frame":{"x":169,"y":19,"w":16,"h":16},"trimmed":false},"ComboBox.png":{"spriteSourceSize":{"x":0,"y":0,"w":16,"h":16},"pivot":{"y":0.5,"x":0.5},"rotated":false,"sourceSize":{"w":16,"h":16},"frame":{"x":133,"y":19,"w":16,"h":16},"trimmed":false},"Image.png":{"spriteSourceSize":{"x":0,"y":0,"w":16,"h":16},"pivot":{"y":0.5,"x":0.5},"rotated":false,"sourceSize":{"w":16,"h":16},"frame":{"x":97,"y":19,"w":16,"h":16},"trimmed":false},"Accordion.png":{"spriteSourceSize":{"x":0,"y":0,"w":18,"h":18},"pivot":{"y":0.5,"x":0.5},"rotated":false,"sourceSize":{"w":18,"h":18},"frame":{"x":57,"y":1,"w":18,"h":18},"trimmed":false},"hslider$bar.png":{"spriteSourceSize":{"x":0,"y":0,"w":14,"h":42},"pivot":{"y":0.5,"x":0.5},"rotated":false,"sourceSize":{"w":14,"h":42},"frame":{"x":1,"y":1,"w":14,"h":42},"trimmed":false},"ApplicationControlBar.png":{"spriteSourceSize":{"x":0,"y":0,"w":18,"h":18},"pivot":{"y":0.5,"x":0.5},"rotated":false,"sourceSize":{"w":18,"h":18},"frame":{"x":17,"y":21,"w":18,"h":18},"trimmed":false},"VideoDisplay.png":{"spriteSourceSize":{"x":0,"y":0,"w":18,"h":18},"pivot":{"y":0.5,"x":0.5},"rotated":false,"sourceSize":{"w":18,"h":18},"frame":{"x":41,"y":61,"w":18,"h":18},"trimmed":false},"Tree.png":{"spriteSourceSize":{"x":0,"y":0,"w":16,"h":16},"pivot":{"y":0.5,"x":0.5},"rotated":false,"sourceSize":{"w":16,"h":16},"frame":{"x":97,"y":1,"w":16,"h":16},"trimmed":false}},"meta":{"scale":"1","version":"1.0","prefix":"components/","app":"http://www.layabox.com"}}