{"frames":{"play.png":{"rotated":false,"pivot":{"y":0.5,"x":0.5},"spriteSourceSize":{"x":0,"y":0,"w":15,"h":12},"sourceSize":{"w":15,"h":12},"trimmed":false,"frame":{"x":1,"y":1,"w":15,"h":12}},"back.png":{"rotated":false,"pivot":{"y":0.5,"x":0.5},"spriteSourceSize":{"x":0,"y":0,"w":15,"h":12},"sourceSize":{"w":15,"h":12},"trimmed":false,"frame":{"x":1,"y":15,"w":15,"h":12}},"textureList":{"rotated":false,"pivot":{"y":0.5,"x":0.5},"spriteSourceSize":{},"sourceSize":{},"trimmed":false,"frame":{"x":1}},"forward.png":{"rotated":false,"pivot":{"y":0.5,"x":0.5},"spriteSourceSize":{"x":0,"y":0,"w":15,"h":12},"sourceSize":{"w":15,"h":12},"trimmed":false,"frame":{"x":18,"y":15,"w":15,"h":12}},"begin.png":{"rotated":false,"pivot":{"y":0.5,"x":0.5},"spriteSourceSize":{"x":0,"y":0,"w":15,"h":12},"sourceSize":{"w":15,"h":12},"trimmed":false,"frame":{"x":18,"y":1,"w":15,"h":12}},"end.png":{"rotated":false,"pivot":{"y":0.5,"x":0.5},"spriteSourceSize":{"x":0,"y":0,"w":15,"h":12},"sourceSize":{"w":15,"h":12},"trimmed":false,"frame":{"x":35,"y":1,"w":15,"h":12}}},"meta":{"scale":"1","version":"1.0","prefix":"play/","app":"http://www.layabox.com"}}