{"frames":{"bg_dialog1.png":{"sourceSize":{"w":91,"h":103},"rotated":false,"trimmed":false,"frame":{"x":121,"y":111,"w":91,"h":103},"pivot":{"y":0.5,"x":0.5},"spriteSourceSize":{"x":0,"y":0,"w":91,"h":103}},"tab2.png":{"sourceSize":{"w":22,"h":72},"rotated":false,"trimmed":false,"frame":{"x":1,"y":398,"w":22,"h":72},"pivot":{"y":0.5,"x":0.5},"spriteSourceSize":{"x":0,"y":0,"w":22,"h":72}},"refresh2.png":{"sourceSize":{"w":21,"h":63},"rotated":false,"trimmed":false,"frame":{"x":142,"y":290,"w":21,"h":63},"pivot":{"y":0.5,"x":0.5},"spriteSourceSize":{"x":0,"y":0,"w":21,"h":63}},"align_middle.png":{"sourceSize":{"w":22,"h":40},"rotated":false,"trimmed":false,"frame":{"x":136,"y":397,"w":22,"h":40},"pivot":{"y":0.5,"x":0.5},"spriteSourceSize":{"x":0,"y":0,"w":22,"h":40}},"btn_open.png":{"sourceSize":{"w":108,"h":98},"rotated":false,"trimmed":false,"frame":{"x":395,"y":1,"w":108,"h":98},"pivot":{"y":0.5,"x":0.5},"spriteSourceSize":{"x":0,"y":0,"w":108,"h":98}},"back.png":{"sourceSize":{"w":22,"h":40},"rotated":false,"trimmed":false,"frame":{"x":256,"y":392,"w":22,"h":40},"pivot":{"y":0.5,"x":0.5},"spriteSourceSize":{"x":0,"y":0,"w":22,"h":40}},"btn_eye.png":{"sourceSize":{"w":21,"h":63},"rotated":false,"trimmed":false,"frame":{"x":63,"y":291,"w":21,"h":63},"pivot":{"y":0.5,"x":0.5},"spriteSourceSize":{"x":0,"y":0,"w":21,"h":63}},"move_top_left.png":{"sourceSize":{"w":22,"h":40},"rotated":false,"trimmed":false,"frame":{"x":184,"y":407,"w":22,"h":40},"pivot":{"y":0.5,"x":0.5},"spriteSourceSize":{"x":0,"y":0,"w":22,"h":40}},"save.png":{"sourceSize":{"w":22,"h":40},"rotated":false,"trimmed":false,"frame":{"x":232,"y":392,"w":22,"h":40},"pivot":{"y":0.5,"x":0.5},"spriteSourceSize":{"x":0,"y":0,"w":22,"h":40}},"tab3.png":{"sourceSize":{"w":76,"h":66},"rotated":false,"trimmed":false,"frame":{"x":214,"y":111,"w":76,"h":66},"pivot":{"y":0.5,"x":0.5},"spriteSourceSize":{"x":0,"y":0,"w":76,"h":66}},"btn_close2.png":{"sourceSize":{"w":37,"h":105},"rotated":false,"trimmed":false,"frame":{"x":165,"y":216,"w":37,"h":105},"pivot":{"y":0.5,"x":0.5},"spriteSourceSize":{"x":0,"y":0,"w":37,"h":105}},"login2.png":{"sourceSize":{"w":21,"h":63},"rotated":false,"trimmed":false,"frame":{"x":486,"y":201,"w":21,"h":63},"pivot":{"y":0.5,"x":0.5},"spriteSourceSize":{"x":0,"y":0,"w":21,"h":63}},"btn_min.png":{"sourceSize":{"w":37,"h":105},"rotated":false,"trimmed":false,"frame":{"x":1,"y":291,"w":37,"h":105},"pivot":{"y":0.5,"x":0.5},"spriteSourceSize":{"x":0,"y":0,"w":37,"h":105}},"bg_panel2.png":{"sourceSize":{"w":118,"h":97},"rotated":false,"trimmed":false,"frame":{"x":1,"y":111,"w":118,"h":97},"pivot":{"y":0.5,"x":0.5},"spriteSourceSize":{"x":0,"y":0,"w":118,"h":97}},"align_bottom.png":{"sourceSize":{"w":22,"h":40},"rotated":false,"trimmed":false,"frame":{"x":256,"y":350,"w":22,"h":40},"pivot":{"y":0.5,"x":0.5},"spriteSourceSize":{"x":0,"y":0,"w":22,"h":40}},"plus.png":{"sourceSize":{"w":16,"h":16},"rotated":false,"trimmed":false,"frame":{"x":48,"y":494,"w":16,"h":16},"pivot":{"y":0.5,"x":0.5},"spriteSourceSize":{"x":0,"y":0,"w":16,"h":16}},"bg_dialog.png":{"sourceSize":{"w":100,"h":79},"rotated":false,"trimmed":false,"frame":{"x":1,"y":210,"w":100,"h":79},"pivot":{"y":0.5,"x":0.5},"spriteSourceSize":{"x":0,"y":0,"w":100,"h":79}},"info_bg.png":{"sourceSize":{"w":270,"h":23},"rotated":false,"trimmed":false,"frame":{"x":214,"y":201,"w":270,"h":23},"pivot":{"y":0.5,"x":0.5},"spriteSourceSize":{"x":0,"y":0,"w":270,"h":23}},"line.png":{"sourceSize":{"w":2,"h":20},"rotated":false,"trimmed":false,"frame":{"x":130,"y":397,"w":2,"h":20},"pivot":{"y":0.5,"x":0.5},"spriteSourceSize":{"x":0,"y":0,"w":2,"h":20}},"ui.png":{"sourceSize":{"w":16,"h":16},"rotated":false,"trimmed":false,"frame":{"x":178,"y":491,"w":16,"h":16},"pivot":{"y":0.5,"x":0.5},"spriteSourceSize":{"x":0,"y":0,"w":16,"h":16}},"middle.png":{"sourceSize":{"w":22,"h":40},"rotated":false,"trimmed":false,"frame":{"x":262,"y":308,"w":22,"h":40},"pivot":{"y":0.5,"x":0.5},"spriteSourceSize":{"x":0,"y":0,"w":22,"h":40}},"btn_menu.png":{"sourceSize":{"w":60,"h":72},"rotated":false,"trimmed":false,"frame":{"x":103,"y":216,"w":60,"h":72},"pivot":{"y":0.5,"x":0.5},"spriteSourceSize":{"x":0,"y":0,"w":60,"h":72}},"bg_panel_bar.png":{"sourceSize":{"w":33,"h":31},"rotated":false,"trimmed":false,"frame":{"x":48,"y":435,"w":33,"h":31},"pivot":{"y":0.5,"x":0.5},"spriteSourceSize":{"x":0,"y":0,"w":33,"h":31}},"center.png":{"sourceSize":{"w":22,"h":40},"rotated":false,"trimmed":false,"frame":{"x":232,"y":434,"w":22,"h":40},"pivot":{"y":0.5,"x":0.5},"spriteSourceSize":{"x":0,"y":0,"w":22,"h":40}},"bg_body2.png":{"sourceSize":{"w":26,"h":26},"rotated":false,"trimmed":false,"frame":{"x":150,"y":481,"w":26,"h":26},"pivot":{"y":0.5,"x":0.5},"spriteSourceSize":{"x":0,"y":0,"w":26,"h":26}},"folder.png":{"sourceSize":{"w":16,"h":32},"rotated":false,"trimmed":false,"frame":{"x":112,"y":397,"w":16,"h":32},"pivot":{"y":0.5,"x":0.5},"spriteSourceSize":{"x":0,"y":0,"w":16,"h":32}},"align_center.png":{"sourceSize":{"w":22,"h":40},"rotated":false,"trimmed":false,"frame":{"x":256,"y":266,"w":22,"h":40},"pivot":{"y":0.5,"x":0.5},"spriteSourceSize":{"x":0,"y":0,"w":22,"h":40}},"page_add.png":{"sourceSize":{"w":22,"h":40},"rotated":false,"trimmed":false,"frame":{"x":160,"y":397,"w":22,"h":40},"pivot":{"y":0.5,"x":0.5},"spriteSourceSize":{"x":0,"y":0,"w":22,"h":40}},"logo.png":{"sourceSize":{"w":21,"h":23},"rotated":false,"trimmed":false,"frame":{"x":1,"y":472,"w":21,"h":23},"pivot":{"y":0.5,"x":0.5},"spriteSourceSize":{"x":0,"y":0,"w":21,"h":23}},"editmode.png":{"sourceSize":{"w":14,"h":14},"rotated":false,"trimmed":false,"frame":{"x":1,"y":497,"w":14,"h":14},"pivot":{"y":0.5,"x":0.5},"spriteSourceSize":{"x":0,"y":0,"w":14,"h":14}},"particle.png":{"sourceSize":{"w":16,"h":16},"rotated":false,"trimmed":false,"frame":{"x":79,"y":356,"w":16,"h":16},"pivot":{"y":0.5,"x":0.5},"spriteSourceSize":{"x":0,"y":0,"w":16,"h":16}},"align_top.png":{"sourceSize":{"w":22,"h":40},"rotated":false,"trimmed":false,"frame":{"x":238,"y":308,"w":22,"h":40},"pivot":{"y":0.5,"x":0.5},"spriteSourceSize":{"x":0,"y":0,"w":22,"h":40}},"saveall.png":{"sourceSize":{"w":22,"h":40},"rotated":false,"trimmed":false,"frame":{"x":214,"y":308,"w":22,"h":40},"pivot":{"y":0.5,"x":0.5},"spriteSourceSize":{"x":0,"y":0,"w":22,"h":40}},"clip_hide.png":{"sourceSize":{"w":16,"h":20},"rotated":false,"trimmed":false,"frame":{"x":166,"y":365,"w":16,"h":20},"pivot":{"y":0.5,"x":0.5},"spriteSourceSize":{"x":0,"y":0,"w":16,"h":20}},"settings2.png":{"sourceSize":{"w":21,"h":63},"rotated":false,"trimmed":false,"frame":{"x":25,"y":435,"w":21,"h":63},"pivot":{"y":0.5,"x":0.5},"spriteSourceSize":{"x":0,"y":0,"w":21,"h":63}},"align_right.png":{"sourceSize":{"w":22,"h":40},"rotated":false,"trimmed":false,"frame":{"x":184,"y":365,"w":22,"h":40},"pivot":{"y":0.5,"x":0.5},"spriteSourceSize":{"x":0,"y":0,"w":22,"h":40}},"bg_tool.png":{"sourceSize":{"w":50,"h":34},"rotated":false,"trimmed":false,"frame":{"x":292,"y":164,"w":50,"h":34},"pivot":{"y":0.5,"x":0.5},"spriteSourceSize":{"x":0,"y":0,"w":50,"h":34}},"align_left.png":{"sourceSize":{"w":22,"h":40},"rotated":false,"trimmed":false,"frame":{"x":232,"y":350,"w":22,"h":40},"pivot":{"y":0.5,"x":0.5},"spriteSourceSize":{"x":0,"y":0,"w":22,"h":40}},"btn_close.png":{"sourceSize":{"w":17,"h":51},"rotated":false,"trimmed":false,"frame":{"x":256,"y":434,"w":17,"h":51},"pivot":{"y":0.5,"x":0.5},"spriteSourceSize":{"x":0,"y":0,"w":17,"h":51}},"space_v.png":{"sourceSize":{"w":22,"h":40},"rotated":false,"trimmed":false,"frame":{"x":208,"y":449,"w":22,"h":40},"pivot":{"y":0.5,"x":0.5},"spriteSourceSize":{"x":0,"y":0,"w":22,"h":40}},"del.png":{"sourceSize":{"w":14,"h":14},"rotated":false,"trimmed":false,"frame":{"x":86,"y":291,"w":14,"h":14},"pivot":{"y":0.5,"x":0.5},"spriteSourceSize":{"x":0,"y":0,"w":14,"h":14}},"textureList":{"sourceSize":{},"rotated":false,"trimmed":false,"frame":{"x":1},"pivot":{"y":0.5,"x":0.5},"spriteSourceSize":{}},"res.png":{"sourceSize":{"w":22,"h":40},"rotated":false,"trimmed":false,"frame":{"x":208,"y":266,"w":22,"h":40},"pivot":{"y":0.5,"x":0.5},"spriteSourceSize":{"x":0,"y":0,"w":22,"h":40}},"bg_panel.png":{"sourceSize":{"w":195,"h":108},"rotated":false,"trimmed":false,"frame":{"x":198,"y":1,"w":195,"h":108},"pivot":{"y":0.5,"x":0.5},"spriteSourceSize":{"x":0,"y":0,"w":195,"h":108}},"tag.png":{"sourceSize":{"w":16,"h":16},"rotated":false,"trimmed":false,"frame":{"x":196,"y":491,"w":16,"h":16},"pivot":{"y":0.5,"x":0.5},"spriteSourceSize":{"x":0,"y":0,"w":16,"h":16}},"move_bottom_left.png":{"sourceSize":{"w":22,"h":40},"rotated":false,"trimmed":false,"frame":{"x":166,"y":323,"w":22,"h":40},"pivot":{"y":0.5,"x":0.5},"spriteSourceSize":{"x":0,"y":0,"w":22,"h":40}},"zoom_in.png":{"sourceSize":{"w":22,"h":40},"rotated":false,"trimmed":false,"frame":{"x":136,"y":439,"w":22,"h":40},"pivot":{"y":0.5,"x":0.5},"spriteSourceSize":{"x":0,"y":0,"w":22,"h":40}},"btn_new.png":{"sourceSize":{"w":108,"h":98},"rotated":false,"trimmed":false,"frame":{"x":395,"y":101,"w":108,"h":98},"pivot":{"y":0.5,"x":0.5},"spriteSourceSize":{"x":0,"y":0,"w":108,"h":98}},"clip_lock.png":{"sourceSize":{"w":21,"h":42},"rotated":false,"trimmed":false,"frame":{"x":113,"y":435,"w":21,"h":42},"pivot":{"y":0.5,"x":0.5},"spriteSourceSize":{"x":0,"y":0,"w":21,"h":42}},"bg_panel3.png":{"sourceSize":{"w":195,"h":108},"rotated":false,"trimmed":false,"frame":{"x":1,"y":1,"w":195,"h":108},"pivot":{"y":0.5,"x":0.5},"spriteSourceSize":{"x":0,"y":0,"w":195,"h":108}},"space_h.png":{"sourceSize":{"w":22,"h":40},"rotated":false,"trimmed":false,"frame":{"x":190,"y":323,"w":22,"h":40},"pivot":{"y":0.5,"x":0.5},"spriteSourceSize":{"x":0,"y":0,"w":22,"h":40}},"bg_panel_layoutrec.png":{"sourceSize":{"w":40,"h":24},"rotated":false,"trimmed":false,"frame":{"x":48,"y":468,"w":40,"h":24},"pivot":{"y":0.5,"x":0.5},"spriteSourceSize":{"x":0,"y":0,"w":40,"h":24}},"re.png":{"sourceSize":{"w":22,"h":40},"rotated":false,"trimmed":false,"frame":{"x":232,"y":266,"w":22,"h":40},"pivot":{"y":0.5,"x":0.5},"spriteSourceSize":{"x":0,"y":0,"w":22,"h":40}},"zoom_out.png":{"sourceSize":{"w":22,"h":40},"rotated":false,"trimmed":false,"frame":{"x":160,"y":439,"w":22,"h":40},"pivot":{"y":0.5,"x":0.5},"spriteSourceSize":{"x":0,"y":0,"w":22,"h":40}},"bg_tab.png":{"sourceSize":{"w":26,"h":26},"rotated":false,"trimmed":false,"frame":{"x":122,"y":481,"w":26,"h":26},"pivot":{"y":0.5,"x":0.5},"spriteSourceSize":{"x":0,"y":0,"w":26,"h":26}},"codeswitch.png":{"sourceSize":{"w":70,"h":36},"rotated":false,"trimmed":false,"frame":{"x":40,"y":397,"w":70,"h":36},"pivot":{"y":0.5,"x":0.5},"spriteSourceSize":{"x":0,"y":0,"w":70,"h":36}},"newtitle_bg.png":{"sourceSize":{"w":30,"h":24},"rotated":false,"trimmed":false,"frame":{"x":90,"y":479,"w":30,"h":24},"pivot":{"y":0.5,"x":0.5},"spriteSourceSize":{"x":0,"y":0,"w":30,"h":24}},"bg_body.png":{"sourceSize":{"w":26,"h":26},"rotated":false,"trimmed":false,"frame":{"x":204,"y":226,"w":26,"h":26},"pivot":{"y":0.5,"x":0.5},"spriteSourceSize":{"x":0,"y":0,"w":26,"h":26}},"move_bottom_right.png":{"sourceSize":{"w":22,"h":40},"rotated":false,"trimmed":false,"frame":{"x":184,"y":449,"w":22,"h":40},"pivot":{"y":0.5,"x":0.5},"spriteSourceSize":{"x":0,"y":0,"w":22,"h":40}},"zoom_back.png":{"sourceSize":{"w":22,"h":40},"rotated":false,"trimmed":false,"frame":{"x":208,"y":365,"w":22,"h":40},"pivot":{"y":0.5,"x":0.5},"spriteSourceSize":{"x":0,"y":0,"w":22,"h":40}},"folder_add.png":{"sourceSize":{"w":22,"h":40},"rotated":false,"trimmed":false,"frame":{"x":208,"y":407,"w":22,"h":40},"pivot":{"y":0.5,"x":0.5},"spriteSourceSize":{"x":0,"y":0,"w":22,"h":40}},"bg_content.png":{"sourceSize":{"w":92,"h":51},"rotated":false,"trimmed":false,"frame":{"x":292,"y":111,"w":92,"h":51},"pivot":{"y":0.5,"x":0.5},"spriteSourceSize":{"x":0,"y":0,"w":92,"h":51}},"bg_dialog2.png":{"sourceSize":{"w":41,"h":30},"rotated":false,"trimmed":false,"frame":{"x":344,"y":164,"w":41,"h":30},"pivot":{"y":0.5,"x":0.5},"spriteSourceSize":{"x":0,"y":0,"w":41,"h":30}},"bone.png":{"sourceSize":{"w":16,"h":16},"rotated":false,"trimmed":false,"frame":{"x":214,"y":491,"w":16,"h":16},"pivot":{"y":0.5,"x":0.5},"spriteSourceSize":{"x":0,"y":0,"w":16,"h":16}},"btn_max.png":{"sourceSize":{"w":37,"h":105},"rotated":false,"trimmed":false,"frame":{"x":103,"y":290,"w":37,"h":105},"pivot":{"y":0.5,"x":0.5},"spriteSourceSize":{"x":0,"y":0,"w":37,"h":105}},"search.png":{"sourceSize":{"w":21,"h":42},"rotated":false,"trimmed":false,"frame":{"x":90,"y":435,"w":21,"h":42},"pivot":{"y":0.5,"x":0.5},"spriteSourceSize":{"x":0,"y":0,"w":21,"h":42}},"move_top_right.png":{"sourceSize":{"w":22,"h":40},"rotated":false,"trimmed":false,"frame":{"x":142,"y":355,"w":22,"h":40},"pivot":{"y":0.5,"x":0.5},"spriteSourceSize":{"x":0,"y":0,"w":22,"h":40}},"folder_close.png":{"sourceSize":{"w":16,"h":16},"rotated":false,"trimmed":false,"frame":{"x":66,"y":494,"w":16,"h":16},"pivot":{"y":0.5,"x":0.5},"spriteSourceSize":{"x":0,"y":0,"w":16,"h":16}},"bg_menu.png":{"sourceSize":{"w":37,"h":31},"rotated":false,"trimmed":false,"frame":{"x":40,"y":356,"w":37,"h":31},"pivot":{"y":0.5,"x":0.5},"spriteSourceSize":{"x":0,"y":0,"w":37,"h":31}},"publish.png":{"sourceSize":{"w":22,"h":40},"rotated":false,"trimmed":false,"frame":{"x":280,"y":266,"w":22,"h":40},"pivot":{"y":0.5,"x":0.5},"spriteSourceSize":{"x":0,"y":0,"w":22,"h":40}},"bg_bar.png":{"sourceSize":{"w":24,"h":24},"rotated":false,"trimmed":false,"frame":{"x":232,"y":487,"w":24,"h":24},"pivot":{"y":0.5,"x":0.5},"spriteSourceSize":{"x":0,"y":0,"w":24,"h":24}},"folder_open.png":{"sourceSize":{"w":16,"h":16},"rotated":false,"trimmed":false,"frame":{"x":79,"y":374,"w":16,"h":16},"pivot":{"y":0.5,"x":0.5},"spriteSourceSize":{"x":0,"y":0,"w":16,"h":16}},"btn_close1.png":{"sourceSize":{"w":13,"h":33},"rotated":false,"trimmed":false,"frame":{"x":25,"y":398,"w":13,"h":33},"pivot":{"y":0.5,"x":0.5},"spriteSourceSize":{"x":0,"y":0,"w":13,"h":33}},"btn_lock_all.png":{"sourceSize":{"w":21,"h":63},"rotated":false,"trimmed":false,"frame":{"x":40,"y":291,"w":21,"h":63},"pivot":{"y":0.5,"x":0.5},"spriteSourceSize":{"x":0,"y":0,"w":21,"h":63}}},"meta":{"scale":"1","version":"1.0","prefix":"view/","app":"http://www.layabox.com"}}