{"textureName":"texture.png","positionVariance":{"0":0,"1":0,"2":0},"minVerticalVelocity":20,"minVerticalEndRadian":0,"minStartSize":14.23,"minStartRadius":0,"minRotateSpeed":6.28,"minHorizontalVelocity":20,"minHorizontalEndRadian":0,"minEndSize":0,"minEndRadius":0,"minColor":{"0":0.15,"1":0.92,"2":0.91,"3":0.6000000238418579},"maxVerticalVelocity":50,"maxVerticalEndRadian":0,"maxStartSize":37.13,"maxStartRadius":0,"maxRotateSpeed":2,"maxPartices":120,"maxHorizontalVelocity":15,"maxHorizontalEndRadian":0,"maxEndSize":6.81,"maxEndRadius":0,"maxColor":{"0":0.57,"1":1,"2":0,"3":1},"gravity":{"0":0,"1":10,"2":0},"endVelocity":2,"emitterVelocitySensitivity":1,"duration":18,"colorComponentInter":true,"blendState":1,"ageAddScale":7.58,"backColor":"#000000","textureFileName":"comp\\clip_num.png"}