{"textureName":"texture.png","positionVariance":{"0":0,"1":0,"2":0},"minVerticalVelocity":0.1,"minVerticalEndRadian":11.14,"minStartSize":0,"minStartRadius":93.81,"minRotateSpeed":6.28,"minHorizontalVelocity":0.1,"minHorizontalEndRadian":0,"minEndSize":65.35,"minEndRadius":75.5,"minColor":{"0":0.15,"1":0.92,"2":0.91,"3":0.6000000238418579},"maxVerticalVelocity":-10,"maxVerticalEndRadian":20.42,"maxStartSize":0,"maxStartRadius":92.2,"maxRotateSpeed":2,"maxPartices":120,"maxHorizontalVelocity":-15,"maxHorizontalEndRadian":0,"maxEndSize":20.29,"maxEndRadius":86.64,"maxColor":{"0":0.57,"1":1,"2":0,"3":1},"gravity":{"0":0,"1":0,"2":0},"endVelocity":0.1,"emitterVelocitySensitivity":1,"duration":18,"colorComponentInter":true,"blendState":1,"ageAddScale":7.58,"backColor":"#000000","textureFileName":"comp\\clip_num.png"}