{
	"nameShort": "LayaAir",
	"nameLong": "LayaAir",
	"applicationName": "LayaAir",
	"dataFolderName": ".LayaAir",
	"win32MutexName": "LayaAir",
	"licenseUrl": "",
	"win32DirName": "LayaAir",
	"win32NameVersion": "LayaAir",
	"win32RegValueName": "LayaAir",
	"win32AppId": "",
	"win32AppUserModelId": "com.LayaBox.LayaAir",
	"darwinBundleIdentifier": "com.LayaBox.LayaAir",
	"reportIssueUrl": "",
	"urlProtocol": "LayaAir",
	"win32SetupExeBasename": "LayaAir",
	"darwinCredits": "",
	"downloadUrl": "",
	"welcomePage": "",
	"updateUrl": "https://vscode-update.azurewebsites.net",
	"quality": "stable",
	"extensionsGallery": {
		"serviceUrl": "https://marketplace.visualstudio.com/_apis/public/gallery",
		"cacheUrl": "https://vscode.blob.core.windows.net/gallery/index",
		"itemUrl": "https://marketplace.visualstudio.com/items"
	},
	"extensionTips": {
		"ms-vscode.csharp": "{**/*.cs,**/project.json,**/global.json,**/*.csproj,**/*.sln}",
		"ms-vscode.mono-debug": "{**/*.cs,**/*.csproj,**/*.sln}",
		"msjsdiag.debugger-for-chrome": "{**/*.ts,**/*.tsx**/*.js,**/*.jsx,**/*.es6}",
		"lukehoban.Go": "**/*.go",
		"ms-vscode.PowerShell": "{**/*.ps,**/*.ps1}",
		"Ionide.Ionide-fsharp": "{**/*.fsx,**/*.fsi,**/*.fs,**/*.ml,**/*.mli}",
		"dbaeumer.vscode-eslint": "{**/*.js,**/*.jsx,**/*.es6}",
		"eg2.tslint": "{**/*.ts,**/*.tsx}",
		"Kasik96.format-indent": "{**/*.php}",
		"felixfbecker.php-debug": "{**/*.php}",
		"linyang95.phpmd": "{**/*.php}",
		"ikappas.phpcs": "{**/*.php}",
		"HvyIndustries.crane": "{**/*.php}",
		"tht13.python": "{**/*.py}",
		"donjayamanne.python": "{**/*.py}",
		"magicstack.MagicPython": "{**/*.py}",
		"saviorisdead.RustyCode": "{**/*.rs,**/*.rslib}",
		"austin.code-gnu-global": "{**/*.c,**/*.cpp,**/*.h}",
		"hars.CppSnippets": "{**/*.cpp,**/*.cc,**/*.h}",
		"mitaki28.vscode-clang": "{**/*.cpp,**/*.cc,**/*.h}",
		"ms-vscode.cpptools": "{**/*.c,**/*.cpp,**/*.cc,**/.cxx,**/*.hh,**/*.hpp,**/*.hxx,**/*.h}",
		"seanmcbreen.Spell": "{**/*.md}",
		"cssho.vscode-svgviewer": "{**/*.svg}",
		"ms-vscode.latex": "{**/*.tex}",
		"mathiasfrohlich.latexcompile": "{**/*.tex}",
		"EditorConfig.EditorConfig": "{**/.editorconfig}",
		"donjayamanne.githistory": "{**/.gitignore}",
		"Unity.unity-debug": "{**/*.meta}",
		"donjayamanne.javadebugger": "{**/*.java}",
		"rebornix.Ruby": "{**/*.rb}",
		"hoovercj.ruby-linter": "{**/*.rb}",
		"misogi.ruby-rubocop": "{**/*.rb}",
		"CraigMaslowski.erb": "{**/*.erb}",
		"groksrc.haml": "{**/*.haml}"
	},
	"extensionImportantTips": {
		"ms-vscode.csharp": "**/*.cs",
		"lukehoban.Go": "**/*.go",
		"donjayamanne.python": "{**/*.py}",
		"ms-vscode.PowerShell": "{**/*.ps,**/*.ps1}",
		"ms-vscode.cpptools": "{**/*.c,**/*.cpp,**/*.cc,**/.cxx,**/*.hh,**/*.hpp,**/*.hxx,**/*.h}"
	},
	"crashReporter": {
		"productName": "LayaAir",
		"companyName": "LayaBox",
		"submitURL": "https://ticinocrashreporter.azurewebsites.net/crash",
		"extra": {
			"vscode_sessionId": "$(sessionId)",
			"vscode_version": "$(version)",
			"vscode_commit": "$(commit)"
		}
	},
	"enableTelemetry": true,
	"aiConfig": {
		"key": "8aa6e059-82b6-46f6-8138-5a43aa3dd621",
		"asimovKey": "AIF-444c3af9-8e69-4462-ab49-4191e6ad1916"
	},
	"sendASmile": {
		"reportIssueUrl": "",
		"requestFeatureUrl": ""
	},
	"documentationUrl": "",
	"releaseNotesUrl": "",
	"twitterUrl": "",
	"requestFeatureUrl": "",
	"privacyStatementUrl": "",
	"npsSurveyUrl": "",
	"commit": "66f37fd2a99eb9d628dd374d81d78835b410c39b",
	"date": "2016-09-12T13:30:03.456Z"
}