{
	"typescript.reloadProjects.title": "重新加载 TypeScript 项目",
	"javascript.reloadProjects.title": "重新加载 JavaScript 项目",
	"configuration.typescript": "TypeScript",
	"typescript.useCodeSnippetsOnMethodSuggest.dec": "完成函数的参数签名。",
	"typescript.tsdk.desc": "指定包含要使用的 tsserver 和 lib*.d.ts 文件的文件夹路径。",
	"typescript.tsdk_version.desc": "Specifies the version of the tsserver. Only necessary if the tsserver is not installed using npm.",
	"typescript.tsserver.trace": "启用对发送到 TS 服务器的消息进行跟踪",
	"typescript.tsserver.experimentalAutoBuild": "启用实验性自动生成。要求安装 1.9 dev 或 2.x tsserver 版本并在更改后重启 VS Code。",
	"typescript.validate.enable": "启用/禁用 TypeScript 验证",
	"format.insertSpaceAfterCommaDelimiter": "定义逗号分隔符后面的空格处理",
	"format.insertSpaceAfterSemicolonInForStatements": "在 For 语句中，定义分号之后的空格处理",
	"format.insertSpaceBeforeAndAfterBinaryOperators": "定义二进制运算符后面的空格处理",
	"format.insertSpaceAfterKeywordsInControlFlowStatements": "定义控制流语句中的关键字之后的空格处理",
	"format.insertSpaceAfterFunctionKeywordForAnonymousFunctions": "定义匿名函数的函数关键字之后的空格处理",
	"format.insertSpaceAfterOpeningAndBeforeClosingNonemptyParenthesis": "定义非空圆括号的左括号之后和右括号之前的空格处理。",
	"format.insertSpaceAfterOpeningAndBeforeClosingNonemptyBrackets": "定义非空方括号的左括号之后和右括号之前的空格处理。",
	"format.placeOpenBraceOnNewLineForFunctions": "定义左大括号是否针对函数而放置在新的一行",
	"format.placeOpenBraceOnNewLineForControlBlocks": "定义左大括号是否针对控制块而放置在新的一行",
	"javascript.validate.enable": "启用/禁用 JavaScript 验证"
}