{
	"typescript.reloadProjects.title": "TypeScript プロジェクトを再度読み込みます",
	"javascript.reloadProjects.title": "JavaScript プロジェクトを再度読み込みます",
	"configuration.typescript": "TypeScript",
	"typescript.useCodeSnippetsOnMethodSuggest.dec": "パラメーター シグネチャを含む完全な関数。",
	"typescript.tsdk.desc": "使用する tsserver と lib*.d.ts ファイルが含まれているフォルダーのパスを指定します。",
	"typescript.tsdk_version.desc": "Specifies the version of the tsserver. Only necessary if the tsserver is not installed using npm.",
	"typescript.tsserver.trace": "TS サーバーに送信されるメッセージのトレースをオンにします",
	"typescript.tsserver.experimentalAutoBuild": "試験的な自動ビルドを有効にします。1.9 dev または 2.x tsserver バージョンと、変更後に VS Code の再起動が必要です。",
	"typescript.validate.enable": "TypeScript の検証を有効/無効にします",
	"format.insertSpaceAfterCommaDelimiter": "コンマ区切り記号の後のスペース処理を定義します",
	"format.insertSpaceAfterSemicolonInForStatements": "for ステートメント内のセミコロンの後のスペース処理を定義します",
	"format.insertSpaceBeforeAndAfterBinaryOperators": "2 項演算子の後のスペース処理を定義します",
	"format.insertSpaceAfterKeywordsInControlFlowStatements": "制御フロー ステートメント内のキーワードの後のスペース処理を定義します",
	"format.insertSpaceAfterFunctionKeywordForAnonymousFunctions": "匿名関数の関数キーワードの後のスペース処理を定義します",
	"format.insertSpaceAfterOpeningAndBeforeClosingNonemptyParenthesis": "左右の空でないかっこの間のスペース処理を定義します",
	"format.insertSpaceAfterOpeningAndBeforeClosingNonemptyBrackets": "左右の空でない角かっこの間のスペース処理を定義します",
	"format.placeOpenBraceOnNewLineForFunctions": "新しい行に関数の始め中かっこを配置するかどうかを定義します",
	"format.placeOpenBraceOnNewLineForControlBlocks": "新しい行にコントロール ブロックの始め中かっこを配置するかどうかを定義します",
	"javascript.validate.enable": "JavaScript の検証を有効/無効にします"
}