{"angleVariance":0.03490658503988659,"emitterType":0,"tangentialAcceleration":0,"maxRadiusVariance":0,"minRadiusVariance":0,"textureFileName":"texture.png","finishColor":{"green":0,"alpha":1,"blue":0,"red":1},"finishParticleSizeVariance":5,"startColor":{"green":1,"alpha":1,"blue":0,"red":0},"rotatePerSecond":0,"startColorVariance":{"green":0,"alpha":0,"blue":0,"red":0},"finishParticleSize":10,"finishColorVariance":{"green":0,"alpha":0,"blue":0,"red":0},"radialAccelerationVariance":0,"tangentialAccelerationVariance":0,"blendFuncSource":770,"rotatePerSecondVariance":0,"blendFuncDestination":1,"startParticleSizeVariance":49.53,"radialAcceleration":0,"speedVariance":30,"sourcePositionx":300,"startParticleSize":70,"sourcePositionVariancex":0,"angle":1.5707963267948966,"sourcePositionVariancey":0,"speed":100,"particleLifespan":2,"duration":-1,"sourcePositiony":300,"particleLifespanVariance":1.9,"rotationEndVariance":0,"maxParticles":500,"minRadius":0,"gravityy":0,"gravityx":0,"rotationEnd":0,"rotationStart":0,"maxRadius":100,"rotationStartVariance":0}