{"textureFileName":"texture.png","rotationStart":4.565432257366767,"finishColor":{"red":0.41,"alpha":0.54,"blue":0.41,"green":0.98},"angleVariance":5.834810222342243,"minRadius":108.69,"radialAcceleration":36.7,"duration":-1,"particleLifespan":1.96,"finishParticleSizeVariance":57.67,"blendFuncDestination":1,"tangentialAcceleration":302.14,"sourcePositionx":300,"blendFuncSource":770,"finishParticleSize":27.68,"sourcePositiony":300,"sourcePositionVariancex":371.8,"startParticleSizeVariance":68.42,"sourcePositionVariancey":575.36,"speedVariance":201.44,"startColor":{"red":0.86,"alpha":0.75,"blue":0.48,"green":0.06},"startParticleSize":19.09,"angle":2.15757602131539,"gravityx":228.74,"rotatePerSecondVariance":3.7912042011820826,"particleLifespanVariance":9.27,"emitterType":1,"rotatePerSecond":1.5133749944042831,"maxRadius":6.45,"gravityy":-68.68,"tangentialAccelerationVariance":335.87,"speed":169.49,"radialAccelerationVariance":128.85,"rotationEndVariance":4.710294585282297,"minRadiusVariance":0,"maxParticles":482,"rotationEnd":0.6283185307179586,"startColorVariance":{"red":0,"alpha":0,"blue":0,"green":0},"maxRadiusVariance":99.43,"finishColorVariance":{"red":0.85,"alpha":0.83,"blue":0.7,"green":0.79},"rotationStartVariance":5.78943166179039}