{
	"extension.description": "Adaptador de depuración de Visual Studio Code para Node.js.",
	"node.label": "Node.js",
	"node.sourceMaps.description": "Se usan los mapas de origen de JavaScript (si existen).",
	"node.outDir.description": "Si los mapas de origen están habilitados, el código generado se espera en este directorio. Si no se especifica, el código generado se espera en el mismo directorio que su origen.",
	"node.stopOnEntry.description": "El programa se detiene automáticamente tras el inicio.",
	"node.launch.program.description": "Ruta de acceso absoluta al programa.",
	"node.launch.externalConsole.description": "El destino de depuración se inicia en una consola externa.",
	"node.launch.args.description": "Argumentos de la línea de comandos pasados al programa.",
	"node.launch.cwd.description": "Ruta de acceso absoluta al directorio de trabajo del programa que se está depurando.",
	"node.launch.runtimeExecutable.description": "Ruta de acceso absoluta al ejecutable del runtime que se va a usar. El valor predeterminado es el ejecutable del runtime que hay en PATH.",
	"node.launch.runtimeArgs.description": "Argumentos opcionales pasados al ejecutable del runtime.",
	"node.launch.env.description": "Variables de entorno pasadas al programa.",
	"node.launch.config.name": "Iniciar",
	"node.attach.port.description": "Puerto de depuración al que se va a conectar. El valor predeterminado es 5858.",
	"node.attach.address.description": "Dirección TCP/IP del puerto de depuración (para Node.js >= 5.0 solo). El valor predeterminado es 'localhost'.",
	"node.attach.timeout.description": "Pruebe de nuevo con este número de milisegundos para conectarse a Node.js. El valor predeterminado es 10000 ms.",
	"node.attach.restart.description": "Reinicie la sesión cuando Node.js haya terminado.",
	"node.attach.localRoot.description": "Raíz de origen local que corresponde a \"remoteRoot\".",
	"node.attach.remoteRoot.description": "Raíz de origen del host remoto.",
	"node.attach.config.name": "Asociar",
	"extensionHost.label": "Desarrollo de extensiones de VSCode",
	"extensionHost.launch.runtimeExecutable.description": "Ruta de acceso absoluta a VS Code.",
	"extensionHost.launch.args.description": "Argumentos de línea de comandos pasados al programa.",
	"extensionHost.launch.stopOnEntry.description": "El host de extensiones se detiene automáticamente tras el inicio.",
	"extensionHost.launch.sourceMaps.description": "Se usan los mapas de origen de JavaScript.",
	"extensionHost.launch.outDir.description": "Si los mapas de origen están habilitados, el código generado se espera en este directorio. Si no se especifica, el código generado se espera en el mismo directorio que su origen.",
	"extensionHost.launch.config.name": "Extensión de inicio"
}