{
	"nameShort": "LayaAirIDE",
	"nameLong": "Laya Air IDE",
	"applicationName": "laya",
	"dataFolderName": ".laya",
	"win32MutexName": "LayaAir",
	"licenseUrl": "http://www.layabox.com",
	"darwinBundleIdentifier": "com.layabox.LayaAir",
	"welcomePage": "http://www.layabox.com",
	"win32AppId": "{{F8A2A208-72B3-4D61-95FC-8A65D340689B}",
	"win32NameVersion": "Laya Air IDE",
	"win32DirName": "Laya Air IDE",
	"win32SetupExeBasename": "VSCodeSetup",
	"win32AppUserModelId": "Microsoft.VisualStudioCode",
	"win32RegValueName": "LayaAir",
	"darwinCredits": "resources/darwin/Credits.rtf",
	"downloadUrl": "https://www.layabox.com",
	"updateUrl": "",
	"quality": "stable",
	"expiryDate": 1485817200000,
	"expiryUrl": "http://www.layabox.com",
	"extensionsGallery": {
		"serviceUrl": "https://marketplace.visualstudio.com/_apis/public/gallery",
		"cacheUrl": "https://vscode.blob.core.windows.net/gallery/index",
		"itemUrl": "https://marketplace.visualstudio.com/items"
	},
	"crashReporter": {
		"productName": "LayaAir",
		"companyName": "LayaBox",
		"submitURL": "https://ticinocrashreporter.azurewebsites.net/crash",
		"extra": {
			"vscode_sessionId": "$(sessionId)",
			"vscode_version": "$(version)",
			"vscode_commit": "$(commit)"
		}
	},
	"enableTelemetry": true,
	"aiConfig": {
		"key": "8aa6e059-82b6-46f6-8138-5a43aa3dd621",
		"asimovKey": "AIF-444c3af9-8e69-4462-ab49-4191e6ad1916"
	},
	"sendASmile": {
		"reportIssueUrl": "http://go.microsoft.com/fwlink/?LinkId=534872",
		"requestFeatureUrl": "http://go.microsoft.com/fwlink/?LinkID=533482"
	},
	"documentationUrl": "http://go.microsoft.com/fwlink/?LinkID=533484#vscode",
	"releaseNotesUrl": "http://go.microsoft.com/fwlink/?LinkID=533483#vscode",
	"twitterUrl": "http://go.microsoft.com/fwlink/?LinkID=533687",
	"requestFeatureUrl": "http://go.microsoft.com/fwlink/?LinkID=533482",
	"reportIssueUrl": "http://go.microsoft.com/fwlink/?LinkId=534872",
	"privacyStatementUrl": "http://go.microsoft.com/fwlink/?LinkID=528096&clcid=0x409",
	"commit": "f291f4ad600767626b24a4b15816b04bee9a3049",
	"date": "2016-03-11T17:10:35.304Z"
}