{
	"extension.description": "Node.js 用の Visual Studio Code デバッグ アダプター",
	"node.label": "Node.js",
	"node.sourceMaps.description": "JavaScript ソース マップを使用します (存在する場合)。",
	"node.outDir.description": "ソース マップを有効にすると、生成されるコードはこのディレクトリ内にあると想定されます。指定しないと、生成されるコードはそのソースと同じディレクトリ内にあると想定されます。",
	"node.stopOnEntry.description": "起動後、プログラムを自動的に停止します。",
	"node.port.description": "添付先のデバッグ ポート。既定は 5858 です。",
	"node.address.description": "デバッグ ポートの TCP/IP アドレス (Node.js 5.0 以上の場合のみ)。既定値は 'localhost' です。",
	"node.timeout.description": "このミリ秒の間、Node.js への接続を再試行します。既定値は 10000 ミリ秒です。",
	"node.smartStep.description": "元のソースにマップし直すことができない、生成されたコードを自動的にステップ スルーします。",
	"node.launch.program.description": "プログラムへの絶対パス。",
	"node.launch.externalConsole.description": "外部コンソール内でデバッグ ターゲットを起動します。",
	"node.launch.externalConsole.error": "Deprecated: use 'console' attribute instead.",
	"node.launch.console.description": "Where to launch the debug target: internal console, integrated terminal, or external terminal.",
	"node.launch.args.description": "プログラムに渡されるコマンド ライン引数。",
	"node.launch.cwd.description": "デバッグされるプログラムの作業ディレクトリへの絶対パス。",
	"node.launch.runtimeExecutable.description": "使用されるランタイム実行可能ファイルへの絶対パス。既定は PATH 上のランタイム実行可能ファイルです。",
	"node.launch.runtimeArgs.description": "ランタイム実行可能ファイルに渡される省略可能な引数。",
	"node.launch.env.description": "プログラムに渡される環境変数。",
	"node.launch.config.name": "起動",
	"node.attach.processId.description": "アタッチ先のプロセスの ID。",
	"node.attach.restart.description": "Node.js が終了した後、セッションを再開します。",
	"node.attach.localRoot.description": "'remoteRoot' に対応するローカル ソース ルート。",
	"node.attach.remoteRoot.description": "リモート ホストのソース ルート。",
	"node.attach.config.name": "アタッチ",
	"node.processattach.config.name": "プロセスにアタッチ",
	"extensionHost.label": "VSCode 拡張機能の開発",
	"extensionHost.launch.runtimeExecutable.description": "VS Code への絶対パス。",
	"extensionHost.launch.args.description": "プログラムに渡されたコマンド ライン引数。",
	"extensionHost.launch.stopOnEntry.description": "起動後に拡張機能ホストを自動的に停止します。",
	"extensionHost.launch.sourceMaps.description": "JavaScript ソース マップを使用します。",
	"extensionHost.launch.outDir.description": "ソース マップを有効にすると、生成されるコードはこのディレクトリ内にあると想定されます。指定しないと、生成されるコードはそのソースと同じディレクトリ内にあると想定されます。",
	"extensionHost.smartStep.description": "元のソースにマップし直すことができない、生成されたコードを自動的にステップ スルーします。",
	"extensionHost.launch.config.name": "拡張機能の起動"
}