{
	"extension.description": "Adattatore di debug di Visual Studio Code per Node.js",
	"node.label": "Node.js",
	"node.sourceMaps.description": "Usa i mapping di origine JavaScript (se esistenti).",
	"node.outDir.description": "Se sono abilitati i mapping di origine, il codice generato dovrebbe trovarsi in questa directory. Se non è specificato, il codice generato dovrebbe trovarsi nella stessa directory dell'origine.",
	"node.stopOnEntry.description": "Arresta automaticamente il programma dopo l'avvio.",
	"node.launch.program.description": "Percorso assoluto del programma.",
	"node.launch.externalConsole.description": "Avvia la destinazione di debug nella console esterna.",
	"node.launch.args.description": "Argomenti della riga di comando passati al programma.",
	"node.launch.cwd.description": "Percorso assoluto della directory di lavoro del programma di cui eseguire il debug.",
	"node.launch.runtimeExecutable.description": "Percorso assoluto dell'eseguibile del runtime da usare. Il valore predefinito è l'eseguibile del runtime in PATH.",
	"node.launch.runtimeArgs.description": "Argomenti facoltativi passati all'eseguibile del runtime.",
	"node.launch.env.description": "Variabili di ambiente passate al programma.",
	"node.launch.config.name": "Launch",
	"node.attach.port.description": "Porta di debug a cui connettersi. Il valore predefinito è 5858.",
	"node.attach.address.description": "Indirizzo TCP/IP della porta di debug (solo per Node.js >= 5.0). Il valore predefinito è 'localhost'.",
	"node.attach.timeout.description": "Numero di millisecondi in cui vengono effettuati i tentativi di connessione a Node.js. Il valore predefinito è 10000 ms.",
	"node.attach.restart.description": "Riavvia la sessione dopo la chiusura di Node.js.",
	"node.attach.localRoot.description": "Radice di origine locale che corrisponde a 'remoteRoot'.",
	"node.attach.remoteRoot.description": "Radice di origine dell'host remoto.",
	"node.attach.config.name": "Attach",
	"extensionHost.label": "Sviluppo di estensioni per VSCode",
	"extensionHost.launch.runtimeExecutable.description": "Percorso assoluto di Visual Studio Code.",
	"extensionHost.launch.args.description": "Argomenti della riga di comando passati al programma.",
	"extensionHost.launch.stopOnEntry.description": "Arresta automaticamente l'host dell'estensione dopo l'avvio.",
	"extensionHost.launch.sourceMaps.description": "Usa i mapping di origine JavaScript.",
	"extensionHost.launch.outDir.description": "Se sono abilitati i mapping di origine, il codice generato dovrebbe trovarsi in questa directory. Se non è specificato, il codice generato dovrebbe trovarsi nella stessa directory dell'origine.",
	"extensionHost.launch.config.name": "Avvia estensione"
}