{
	"typescript.reloadProjects.title": "TypeScript プロジェクトを再度読み込みます",
	"javascript.reloadProjects.title": "JavaScript プロジェクトを再度読み込みます",
	"configuration.typescript": "TypeScript の構成",
	"typescript.useCodeSnippetsOnMethodSuggest.dec": "パラメーター シグネチャを含む完全な関数。",
	"typescript.tsdk.desc": "使用する tsserver と lib*.d.ts ファイルが含まれているフォルダーのパスを指定します。",
	"typescript.validate.enable": "TypeScript の検証を有効/無効にします",
	"format.insertSpaceAfterCommaDelimiter": "コンマ区切り記号の後のスペース処理を定義します",
	"format.insertSpaceAfterSemicolonInForStatements": "for ステートメント内のセミコロンの後のスペース処理を定義します",
	"format.insertSpaceBeforeAndAfterBinaryOperators": "2 項演算子の後のスペース処理を定義します",
	"format.insertSpaceAfterKeywordsInControlFlowStatements": "制御フロー ステートメント内のキーワードの後のスペース処理を定義します",
	"format.insertSpaceAfterFunctionKeywordForAnonymousFunctions": "匿名関数の関数キーワードの後のスペース処理を定義します",
	"format.insertSpaceAfterOpeningAndBeforeClosingNonemptyParenthesis": "左右の空でないかっこの間のスペース処理を定義します",
	"format.insertSpaceAfterOpeningAndBeforeClosingNonemptyBrackets": "左右の空でない角かっこの間のスペース処理を定義します",
	"format.placeOpenBraceOnNewLineForFunctions": "新しい行に関数の始め中かっこを配置するかどうかを定義します",
	"format.placeOpenBraceOnNewLineForControlBlocks": "新しい行にコントロール ブロックの始め中かっこを配置するかどうかを定義します",
	"javascript.validate.enable": "JavaScript の検証を有効/無効にします"
}