{
	"typescript.reloadProjects.title": "Ricarica progetto TypeScript",
	"javascript.reloadProjects.title": "Ricarica progetto JavaScript",
	"configuration.typescript": "Configurazione di TypeScript",
	"typescript.useCodeSnippetsOnMethodSuggest.dec": "Completare le funzioni con la relativa firma del parametro.",
	"typescript.tsdk.desc": "Specifica il percorso della cartella che contiene i file tsserver e lib*.d.ts da usare.",
	"typescript.validate.enable": "Abilita/Disabilita la convalida TypeScript",
	"format.insertSpaceAfterCommaDelimiter": "Consente di definire la gestione dello spazio dopo una virgola di delimitazione",
	"format.insertSpaceAfterSemicolonInForStatements": " Consente di definire la gestione dello spazio dopo un punto e virgola in un'istruzione for",
	"format.insertSpaceBeforeAndAfterBinaryOperators": "Consente di definire la gestione dello spazio dopo un operatore binario",
	"format.insertSpaceAfterKeywordsInControlFlowStatements": "Consente di definire la gestione dello spazio dopo le parole chiave nell'istruzione del flusso di controllo",
	"format.insertSpaceAfterFunctionKeywordForAnonymousFunctions": "Consente di definire la gestione dello spazio dopo la parola chiave function per funzioni anonime",
	"format.insertSpaceAfterOpeningAndBeforeClosingNonemptyParenthesis": "Consente di definire la gestione dello spazio dopo le parentesi tonde di apertura e di chiusura non vuote",
	"format.insertSpaceAfterOpeningAndBeforeClosingNonemptyBrackets": "Consente di definire la gestione dello spazio dopo le parentesi quadre di apertura e di chiusura non vuote",
	"format.placeOpenBraceOnNewLineForFunctions": "Consente di definire se una parentesi graffa di apertura viene o meno inserita su una riga per le funzioni",
	"format.placeOpenBraceOnNewLineForControlBlocks": "Consente di definire se una parentesi graffa di apertura viene o meno inserita su una riga per i blocchi di controllo",
	"javascript.validate.enable": "Abilita/Disabilita la convalida JavaScript"
}